unixtime;input;ESP_CC;cc_overflow_count;
1622128292.6833498;
1622128298.1510565;
1622128303.1569362;
